Rank,TeamId,TeamName,LastSubmissionDate,Score,SubmissionCount,TeamMemberUserNames
1,11968967,HeisenBug-497,"2024-04-20 08:21:09",0.75657,2,"amrijitbiswasnsu,fhshubho,mdtahmidulabedin,nabil112,rafsankabir3"
2,11971230,"Team Phoenix-420","2024-04-22 00:14:54",0.73531,12,"fabihabushra,johayraprithula,promitbasak,rusabsarmun,saidulkabir"
3,11968699,Mavericks-974,"2024-04-22 00:24:57",0.73476,9,"faizulislam19095,rifatmuhtasim,siamarefin"
4,11970280,"Data insightopia-588","2024-04-20 18:31:06",0.73261,7,"ehsanuzzamansurid,iwaseek,smasaduzzaman,taifulislam"
5,11969845,DU_marooo-357,"2024-04-21 15:51:16",0.72928,6,"akifpathan01,monafchowdhury"
6,11968646,SirirNicheBirirDokan-704,"2024-04-21 23:04:54",0.72890,9,"hoenchioma,pranjal130,rafidameer105"
7,11968442,TEAM_QWERTY-174,"2024-04-21 23:27:15",0.72829,12,"asibrahman,niazmohaimanabtahi,sayeedsajjadrazin,umongsain"
8,11968598,YellowKing,"2024-04-19 06:21:51",0.72808,4,"abdurrafi08236,anwarulbashirshuaib,fahmidazim,salkhon050,tanjeemazwadzaman"
9,11969098,"Big Data AI Data Science-222","2024-04-19 23:41:09",0.72611,2,fahimrafi37
10,11975237,"Stat Rebels-771","2024-04-21 17:49:48",0.72587,10,"ashrafulalamsust,ibrahimkholilrakib,joyantapaulpranta,mohammademon21,mohdakilibnealtaf"
11,11969454,ACI_ServerDown-322,"2024-04-22 03:16:31",0.72559,14,"hzihimel,sabbirhossainujjal,swapnilpanda,tahseenislamsajon"
12,11974829,ML_Avengers-793,"2024-04-22 02:42:00",0.72324,11,"atiqueshahriar,faiyazrafid5,mahjabinkarimrashmi,nahidgtcian,shreyad28"
13,11973017,Machine_Mindset-785,"2024-04-22 01:45:13",0.72086,7,"mdahanafarifkhan,mdhasnainali,mdtoufiqhasan,mfrsiam2011596642"
14,11969629,Optim-560,"2024-04-21 15:38:43",0.72069,4,"arifistiaq,enansaif,istiakesunny,nursadulmamun"
15,11971634,NSU_DataVertex-733,"2024-04-21 23:56:14",0.71980,4,"amanullahshah,ishraksanjid,ltj508,rahatkabir123,shahrukh0khan"
16,11969740,"Krusty Krab 2.0 - 729","2024-04-22 03:07:56",0.71963,16,"ash1971,bigppsmolheart,istiyaque6ty3,sakibbai"
17,11972479,"Analytic Duo - 42","2024-04-21 15:01:33",0.71912,12,"areebamumtahina,miftahulzannat,mnrrabi"
18,11968423,Phoenix-8,"2024-04-22 02:26:34",0.71765,19,"mabatin,mmashrukhzayed,munna1825,sakibhossain111"
19,11969040,Neu_robi_ology-728,"2024-04-22 02:47:21",0.71721,14,"aplycaebous,deeparghya,farihatanjimshifat1,pdfarhad"
20,11969113,Robi_nhood-643,"2024-04-21 07:20:50",0.71643,8,"fabihahaider,sourove,tasmimadib"
21,11969527,Cos2PiC-241,"2024-04-20 21:36:33",0.71554,6,"kaimonmoy,mehdihassanakash,mostofasunan"
22,11972084,ggwp-575,"2024-04-22 03:58:59",0.71493,15,"brainiac2677,risenfromashes,sadat999,shattikislam,tahmid404"
23,11970053,"BUET ByteBusters-233","2024-04-21 19:05:09",0.71360,10,"kazireyazulhasan,mubasshiramusarrat,nafiurahman,sadifahmed,wasifjalal"
24,11968954,You_Only_Love_Once-451,"2024-04-21 20:56:14",0.71353,12,"aaniksahaa,almuhitmuhtadi,amimulehsan1,selen0phile"
25,11969002,"Byte Brawlers-944","2024-04-21 13:34:08",0.71353,3,"abdullarahman,chinmoymodakturjo,saugataroyarghya,swaraj69"
26,11969413,Backpropagator-441,"2024-04-20 10:48:54",0.71353,3,"nahidahmed5,nayeemulhayder1"
27,11968923,"Team Err0r404-293","2024-04-21 13:00:31",0.71353,13,"asmtareqmahmood,exile404,noshintabassum02,zunayedology"
28,11968630,BUET_Genesis-135,"2024-04-22 00:23:53",0.71353,15,"abir66,protoybarai,saadmrp,sayemshahadsoummo,thedarkstorm"
29,11972530,Phantom-240,"2024-04-22 02:56:06",0.71353,12,"mdzisun,shubailhaqueturza,urparvezali"
30,11971926,Not_Strong_Enough-1124,"2024-04-22 03:14:48",0.71353,12,"elin75,farjanamayeesha,minannu,tanbeerjubaer"
31,11968591,"Apollo 11-621","2024-04-20 20:28:17",0.71329,5,"ashifurnahid129,nirob5315,samantabinte"
32,11971212,"NeuralNetNinjas - 64","2024-04-21 12:34:51",0.70971,6,"iftykhan,isabaishrak,talimulbari190042128,tasnim10"
33,11971583,ACI_CUDA_Error-334,"2024-04-22 02:52:40",0.70886,17,"fokhrulislam,mahfuzulkabirsourav,mahiiah,sawradipsaha,sknahin"
34,11969171,"Analytical Androids-417","2024-04-21 03:37:26",0.70767,7,"anotherfailure,ayaturrahman,mashequr,mdshafikulislamsohan,raimaislam"
35,11968487,"Team SAD AI-254","2024-04-21 14:55:00",0.70699,11,"a6du11ah,ramisazamanaudhi,samnunazfar,shamsfarhanivan"
36,11968574,"Team Alpha-207","2024-04-22 03:59:07",0.70637,8,"asifurrahmanadib,mainulislam7,nayebhasin190021115,sakibulislam216,shsak1b"
37,11975824,FnF-1126,"2024-04-21 00:22:23",0.70082,5,"mdismilehossain,mdyusuf000,rehennuma,rubyeatislam,ziniasultana17"
38,11968738,Maverick-329,"2024-04-21 23:06:47",0.69884,2,"ammib71,amzadhossainjoy,arpandasabir,kalyanbanik"
39,11968740,Infonauts-197,"2024-04-21 21:58:08",0.69884,9,"ajmainaosafanan,faisalshahriar,sayadmdprio,shamazdaislam,shammobiswas01"
40,11971096,"Tensor Titans-290","2024-04-22 03:11:11",0.69884,9,"alfesuny,fahimrayhan,rizveehassan,shafayat1777,tahzibealindo"
41,11975219,"Les Misérables-721","2024-04-20 14:30:35",0.69843,3,masudarahman
42,11968975,Team_abc_280,"2024-04-22 01:24:18",0.69693,18,"arafatshovon,salmansiam,taufikurrahmanfuad,wasif654"
43,11970822,"Data Diggers","2024-04-21 02:28:59",0.69377,6,"abdullahshafi315,ashifurrahman34,jhrony,rajaul22"
44,11969132,DataVerse,"2024-04-22 00:48:07",0.69223,16,"jahidhasan04,nafeu1,positivesas,tanverulislambhuiyan,tirthadebnath"
45,11968658,wave-216,"2024-04-21 22:47:34",0.69196,10,"farjanakabirsamanta,nowshad123"
46,11968966,Datatist1c,"2024-04-21 14:33:00",0.68957,4,"fahimhafiz,kugelbl1tz,mahim05078,mdth222"
47,11968819,"ML Hunters-479","2024-04-21 19:39:38",0.68746,7,"anamulhoqueemtiaj,hossainzarif,mdnabilsadique,nurhossainraton,rhasanr"
48,11974423,"The Big Bang Theory-606","2024-04-21 13:54:41",0.68409,14,"sabiqulhaquesusmoy,sharifulhasninesabuj"
49,11968585,XeroLogic-658,"2024-04-21 20:07:19",0.68187,3,"abrarabir,chinime,mashroorhasanbhuiyan,sifan69"
50,11969129,Catalyst-1002,"2024-04-21 17:47:29",0.68163,4,"abrarfaiaz20,dipankarthekohda,nahinbinkaysar,rdprangon"
51,11969561,Meticulous-453,"2024-04-21 14:35:00",0.68146,7,"afsarahannan,akib1162100,rafathaameem"
52,11976725,"Who shook the jar!?-604","2024-04-22 03:44:03",0.68078,7,"imtiarrafi,mmnuhash,tahsinmurtaj"
53,11968690,"Team Inferno-832","2024-04-22 03:48:10",0.67973,6,"abdullahalmunem,mehedi43,parthaaghosh"
54,11968824,DataCracker-260,"2024-04-21 21:34:02",0.67921,9,"harunshimanto,muntakim1,sadnan0014,shaifulislam,tansifanzar"
55,11968749,"Court of Shadows-408","2024-04-21 17:36:09",0.67666,5,"rabeyaakter23,safaeidhossain,sarefeen18,tashfiasikder"
56,11969576,"Kibi Dango-356","2024-04-22 03:41:40",0.67642,14,"asifmhossain,bishalsarker,candidpintail,eraf99,urmisen1202"
57,11968822,"Data Dynamos-1055","2024-04-22 03:44:16",0.67417,11,"mhasanhimu,omorboshir,sajaldas19,sumonbanerjee"
58,11971561,Reddohebun-501,"2024-04-21 20:59:49",0.67339,9,"del=1f5c7ea154e2ddbb,mdshihabshahriar,rafihassan,shadidreza,tahmid37"
59,11970183,"Data Alchemists - 551","2024-04-21 19:12:01",0.67328,13,"ashfaqfardin,fahimshahriareram,muhtasimibteda,uyvfgcgv"
60,11968715,"Team Statistics - 140","2024-04-22 01:21:02",0.67114,12,"alamshihab075,naimulhasan,shihabmostafa112"
61,11971878,"Mission Miracle-395","2024-04-21 10:28:24",0.66875,11,fahimfoysalapurba
62,11971018,"NSU ACERS-211","2024-04-22 03:04:08",0.66766,15,"abdulmueed1203,dipton,nourashazmine,raihanchowdhury8988,taseen007"
63,11968745,"SAYONARA_AKTEL - 1140","2024-04-22 03:40:56",0.66705,8,"heymachere,mainulhasanmohsin,mobin555,smmesbah,terribletwos"
64,11970353,"You Only Train Once-110","2024-04-20 22:44:31",0.66664,6,"abrarjahinniloy,captain9396,mbmmurad,muhammadzubairhasan,sakib971"
65,11973849,"Byte Belles - 723","2024-04-21 12:53:36",0.66381,6,"fatimaibrahim652,mashiyatnayeem,mimbee,tasiinn"
66,11969022,"BiteOneByte - 300","2024-04-21 20:11:02",0.65938,10,"a2zkagglerxd,adityaaiden,naheenmohammadkadir,rakibulislammrkbil,tanvirmahtabzihan"
67,11971013,DataminersXL-754,"2024-04-21 14:34:54",0.65931,5,"ahsanulislam,nafizimtiazrafin"
68,11968507,"Teamed Up - 626","2024-04-21 22:59:40",0.65853,8,"mdarafatbinamindrubo,sajidahmedchowdhury,shojeb"
69,11975343,"Noob_SDP - 847","2024-04-19 00:54:25",0.65458,4,mdsohagislam
70,11972012,team_Lama,"2024-04-20 17:10:12",0.65458,4,"munirapriyonty,rubayetjamil,sibgatulislam"
71,11969461,Dhaka_Executor007-229,"2024-04-21 21:10:48",0.65458,5,tabassumshahjahan
72,11969265,RUET_Tracker-1133,"2024-04-21 13:05:00",0.65458,7,"afifatasneemquanita,mdsumonali02,sajidsquare,shanjidhasan202,shuvamagarwala7"
73,11968520,"Team of Procrastinators-653","2024-04-19 14:54:02",0.65369,4,"n1sarga,shayon101,sofiahypothetical"
74,11969006,"Moon Dogs-335","2024-04-20 14:53:27",0.65304,7,"moondog84200,skrahatbinsalam"
75,11986714,Misfits-821,"2024-04-21 23:21:13",0.65158,3,"hmasum52,mashiyatprapty,mjksabit,osamahaque,tamimehsan99"
76,11969030,sensen_kawaii-294,"2024-04-19 06:45:35",0.65089,4,"alvisadmanalif,amin2783,barnobarno,mirmusfiqrahmanramim"
77,11969560,"Byte Bandits-396","2024-04-20 23:12:43",0.65011,3,"abbiirr,agninoor,chl0rine,mamanyusufkhan,mdsaminyasarislamiut"
78,11973740,DataBros-119,"2024-04-19 00:26:59",0.64609,5,"muntasirfahimniloy,taeefnajib"
79,11973555,"Curious Mind-686","2024-04-20 16:16:53",0.64554,2,"frkhan10,tahmidshihabkhan"
80,11970180,Datavengers-498,"2024-04-22 01:04:20",0.64295,10,"arifahmed70,asmferdousrahman,mithunsharma12,sayedul45,sazzadabrar"
81,11970623,"Couch Potato-220","2024-04-20 07:38:48",0.64292,3,"ettashamrafid,liquidicalpants,saadmansakib2020,saniahkayenat"
82,11969348,"Straw Hats-646","2024-04-21 11:32:58",0.63740,2,"ahnaftahmid24,dipit099,raihanrsd,sleepytmzd,smammahdi"
83,11976280,Devin-1119,"2024-04-21 21:57:26",0.63720,1,"abhishekdash01,tajulislamtarek"
84,11969021,"Team IntelleX - 387","2024-04-21 22:58:57",0.63426,6,"abdullaharean,ahmedfahad04,liiniix,mikhalil,saeed1507100"
85,11975748,Databot-311,"2024-04-21 13:42:40",0.63167,5,"asifhaiderrafi,monirulabdinseum,shihab2209,shoyibhassan,tanviryeasinopy"
86,11970495,"ML Pari Na","2024-04-21 06:22:27",0.62963,7,"khandakarshakib,mehediahamed,radibbinkabir,rakinuzzaman,tawsiftashwardipto"
87,11970162,"Outlier Outlaws-927","2024-04-21 18:43:01",0.62963,7,"farhannasifnizami,jamaluddintanvin,mohiuddinbilwalayon,nurshatfatehali,tasnimullahshakib"
88,11975950,"Team Confused - 788","2024-04-19 21:44:08",0.62578,1,"ahmedanwar007,hamimnasim,rantudas,saifmokarrom24"
89,11971912,"Team Chappak - 618","2024-04-21 16:45:42",0.62271,5,"anirbananjan,ishmamhashim,nabilahhossain,sharafbinteyounus,tariquzzaman01"
90,11968831,Noone-608,"2024-04-19 06:46:56",0.62104,4,"arnabpramanik1,fahimafridi"
91,11969196,NightOwls-49,"2024-04-20 23:55:51",0.61893,3,"hasibur445,mohammedarifuddin,zinnatfowziaria"
92,11973608,Sternritter-219,"2024-04-21 21:05:02",0.61538,5,"ahteshamibnemostafa0,majidul24,rafsanjany170042044,shoaib998098907890,walidhossain20"
93,11969150,BUCC_Bit_Geeks-530,"2024-04-19 21:35:18",0.61494,1,"anindyamajumder,darksonic,udoysaha,wahiduzzaman1"
94,11969233,"Data Crafters-427","2024-04-20 15:35:47",0.60782,2,"anwoybarua,mahbubbro,mdtaufiqulalamtapu"
95,11970474,BuetDynamos-220,"2024-04-21 06:33:56",0.60247,6,"cseshahrukh,tahmid0at"
96,11969634,Clueless,"2024-04-22 03:53:22",0.60145,9,"gojohashira,mazharulislamrakib,sadib25"
97,11969459,Ice-235,"2024-04-18 08:59:30",0.60077,1,booleanwolf
98,11969290,"Team Sepnils-459","2024-04-19 20:13:58",0.59930,5,"aranyasaha,mdenamulatiq,swapnil776,takakib"
99,11974288,"Team Pandas","2024-04-19 14:07:58",0.59930,4,"kaziamithasan,nafizsadman95"
100,11970515,"New Nexus-1006","2024-04-19 20:44:31",0.59930,2,"imranurabid,mdbarkatullahtusher,shartazkhanakash"
101,11969013,robo_geeks-713,"2024-04-19 10:59:07",0.59930,2,"anilovesfries,mdshams8067,saminsadiqueaurin,tanvirahmed1,yeanabintekayes"
102,11970932,"Fourth Minor-822","2024-04-20 01:22:03",0.59930,6,"apurbasarker,atanuasg"
103,11970104,"Team Targon","2024-04-20 17:08:43",0.59930,3,"aamasud040,rionelslovesky"
104,11969111,Nine-Nine-533,"2024-04-20 12:00:09",0.59930,2,nafda1801
105,11969017,"London Bridge - 30","2024-04-21 23:01:42",0.59930,12,"aashnanrahman,nharif256999,shahriarm,syemaziz,tsumiiiiiiii"
106,11969885,"BUET DataFleet","2024-04-21 06:41:23",0.59930,1,"ahmedrumi,mdmehrabhaque,rabibjahin,sajibbiswasshuvo,threedots"
107,11972256,"Toast Biskut-963","2024-04-19 10:19:46",0.59879,3,"arman707,cypher1337,sislam03,zalish"
108,11970298,RES-988,"2024-04-21 04:07:59",0.59852,8,"mehedihassan,mohammadnakibulezaz,srsaif"
109,11969154,"Tasnia Tabassum Oishee","2024-04-21 12:08:54",0.59852,1,"safanoor,sanjedasarajennifer,tasniatabassumoishee"
110,11971977,"Abdul Muhaimin Adeeb","2024-04-19 14:18:52",0.59746,6,adeebmuhaimin
111,11972248,ShaWDoe,"2024-04-21 15:19:34",0.59705,1,"dcelestio2,khandakerzamilish334,mdemonrks,shahrieraltanzim,shawdoe"
112,11981668,Cocomelon-32,"2024-04-20 11:20:50",0.59691,3,"rafu01,shamimahossain"
113,11968779,"EDU AI Squad - 1141","2024-04-21 18:36:21",0.59259,11,"drmahbuburrahman,fearuqe,linkonchy"
114,11970215,"Data Overflow-790","2024-04-20 11:12:59",0.59037,2,"afsiersabbir,asadahmad19,dataoverflow790"
115,11980587,Meta_Minds-600,"2024-04-21 05:51:05",0.58730,2,"afsarawaziha,plasticneurons,shahriyarzaman,simantamostafa"
116,11968861,"AAA minus-688","2024-04-22 01:34:45",0.58580,13,"avishekchy1578,mohammadahasanhossen"
117,11969520,"Dataholics - 519","2024-04-22 03:50:30",0.58352,2,"kawserislamutsho11,mdmohiuzzaman01,rifatsarwar,samiulislam180041221"
118,11968539,ABC,"2024-04-19 09:20:13",0.58154,3,"abusayemmdsiam,sabbir772,samratabduljalil,yeasirar"
119,11968707,Algorithmic18-939,"2024-04-20 07:19:10",0.57156,7,"bakar31,mashovi"
120,11973589,Nomads-343,"2024-04-21 13:09:45",0.56757,3,"abirazad99,an1ndya,faedahmedarnob,saheduddin,snlbro"
121,11974644,FutureIsFemale,"2024-04-21 11:08:58",0.56757,8,"ashfaqulhaque,fahimalvi,mohammedmohaimen1999,smtoufique"
122,11969410,"We are Atomic-461","2024-04-21 19:48:30",0.56757,4,"omorfaru,yousufhossen"
123,11968667,Team_DigBedik-554,"2024-04-21 13:02:12",0.56416,2,"bipulhf,imsajid,nasiatfahim,niloysarker"
124,11968755,"CognitoWave AI - 569","2024-04-21 20:39:19",0.55738,8,"shiblinomani,shuktiehsan"
125,11970420,voyager-578,"2024-04-19 10:20:07",0.55732,2,"ashikmostofatonmoy,azmat1509004,nahidahsan,soyabulislamlincoln"
126,11968629,"Embedding x-18","2024-04-21 10:19:31",0.55568,2,"afrozakther,n0zaman,nirjhor123"
127,11968970,MachineMinds-739,"2024-04-20 07:09:13",0.55558,2,"ashababnoor,mahmudhasan1512039,mohtasimfuad,rezabtuhin,xihaad"
128,11968508,"Data Vanguard-609","2024-04-21 15:22:58",0.55425,8,"aalrifat,islamic,mdsadmanhafiz,sagorkumarmitra,zummunira"
129,11970951,OkayButNotOkay-148,"2024-04-20 12:33:57",0.55425,4,"eftekharmahmudefty,mhrizon,mosammasultanatrina,peacelover53,rafid13iit"
130,11970204,0100_Pandas,"2024-04-21 18:43:06",0.55425,4,"rafiulhasan26,sadmansakibrafi,shahnawazhossain07,shakilbarua"
131,11969139,"Big Mom Pirates","2024-04-21 13:27:17",0.55319,8,"anikafaizabintehasan,jahedulkaderforman,saifurmazumder,shafiqhossain,smmirajshahnur"
132,11971210,MBSTU_Data_Cracker-375,"2024-04-21 20:27:39",0.55098,4,"aminurislam360,rafist"
133,11972209,DataDig-784,"2024-04-20 10:05:40",0.55077,5,"golamrabbani582,ifti007,mahmudsakib,mshiblee"
134,11971157,"[Deleted] f7106274-584e-46b9-a2b9-bd3d276a9a49","2024-04-18 11:55:58",0.54801,2,del=62ed535a297bf77d
135,11973892,Troubleshooters-208,"2024-04-20 16:53:52",0.54627,4,"abrahamkaikobad,nazmussadat201,rianahmed,tanjilaahmed"
136,11968406,Robust-124,"2024-04-19 05:18:52",0.54590,3,"ebrahimiqbal,futantachakma,mdiktiyarhossain"
137,11968481,MHShakil,"2024-04-21 10:07:33",0.54351,5,mhshakil
138,11969225,Team_Precision-1115,"2024-04-19 07:44:28",0.54225,1,auishikpyne
139,11977874,Dipshikha,"2024-04-21 13:48:21",0.54208,2,"alimdramjan,mmahmoodurrahman"
140,11971467,predictors1-1101,"2024-04-19 08:21:26",0.54086,1,"fahimcodebag,homayrahemu"
141,11969193,AlphaDelta-371,"2024-04-20 17:32:22",0.54075,5,"deenahmed50,mahimaislam,mdawladhossain,rafiasul"
142,11973675,"Three Dot-131","2024-04-21 18:51:05",0.53775,2,"choyon001,mahjabin08"
143,11971785,"Insight Squads-726","2024-04-21 17:33:02",0.53530,3,"sadabrahman,salehstat,sawrab,shaheedhossain98,sourovroy1"
144,11968547,Shoulders_of_Giants-574,"2024-04-20 21:53:58",0.53452,3,"ashiqurrahmanjoy,raiyancs,skmdtauseeftajwar"
145,11971105,"Data Gone-352","2024-04-21 19:12:01",0.53448,2,"ishrakadit,mdirtiazkabir,prithuanan,suhasabdullah"
146,11969291,"BINARY CLUB","2024-04-18 05:45:20",0.53366,1,masumhasan
147,11968604,Softzino-570,"2024-04-21 09:28:18",0.53366,5,"istiaquehasannihal,kazishuvo,mdfahad109"
148,11974089,"Data Dots-681","2024-04-20 14:21:30",0.53230,4,"mdabrarfaiazkhan,mdashrafulkabiralif,naharinsiddiquinawar,tasniazaman"
149,11978722,"Imran Ahmed","2024-04-21 11:25:19",0.53230,1,"hemal1812,imranewu,sanjidmzi"
150,11968798,Helldivers-920,"2024-04-21 21:03:51",0.53189,5,"mdrafidirtiza,nafisahmed42018,tanvirabir63"
151,11968748,"Data Cracker","2024-04-20 19:24:55",0.53142,5,"cseshakil,sazibch"
152,11969227,"Data Wizards-195","2024-04-20 20:25:12",0.52923,1,"afsana22,husseinberg96,samit101,taniarahmankhan"
153,11974541,MindMiners,"2024-04-19 20:00:22",0.52719,1,"ahnafrafi,arif159357,homiarafarhana"
154,11985123,DU_TSAI-1051,"2024-04-20 10:24:16",0.52705,3,kacchi
155,11975353,"Mahdee Mushfique Kamal","2024-04-20 13:08:38",0.52613,2,mahdeemushfiquekamal
156,11971980,"Asif Haider","2024-04-21 22:27:40",0.52416,1,asifelhan
157,11969341,cou_unpredictable360-550,"2024-04-21 14:56:06",0.52395,1,"abusayebrayhan,ajoyshutradhar,azharcou,eftishiraz,tanvirsanvi"
158,11970332,TeamX-641,"2024-04-20 07:16:08",0.52187,1,"deenmohammad,nazmulrahul"
159,11972626,neural_nomads,"2024-04-21 04:03:55",0.52143,4,"badhon495,debjotyms,kainatraisa"
160,11968765,returnvoid-531,"2024-04-19 16:52:56",0.52044,1,"aabceh49,ibnulislamnabil,tausifr"
161,11968644,"Team Ekush-330","2024-04-21 15:28:25",0.51918,2,mmrbulbul
162,11969434,Imbalance-1054,"2024-04-21 21:10:54",0.51758,6,"aqibjahan,mdalimranabir"
163,11970066,Data_Explorers-555,"2024-04-20 18:17:06",0.51666,2,"mdmarufurrahman1997,reasad"
164,11971540,Ghost,"2024-04-21 10:42:18",0.51663,1,"abiranjumprottoy,ayatullahbehesti,kshadin,tasfiulhedayet,tofaelahamed"
165,11978899,"Kazi Kamruzzaman Rabbi","2024-04-20 08:23:02",0.51645,1,"kkr004,mdzamialzunaedfarabe"
166,11970774,Team_FakeFellow-218,"2024-04-18 15:02:31",0.51434,2,mdfarzinehossen
167,11975883,az,"2024-04-18 18:41:53",0.51434,1,"azad241,mohsinius"
168,11972369,Ad_Astra_Sapientiam-512,"2024-04-19 11:24:47",0.51434,3,"hrshuvo,makatronium"
169,11976021,"Fire and Ice","2024-04-19 04:30:22",0.51434,2,"armanmithila,islamshifat"
170,11968564,Data_Stormers-252,"2024-04-19 10:02:33",0.51434,1,"fahimshahryer,geekabyte"
171,11971473,CUstat51-188,"2024-04-21 17:08:34",0.51434,6,"azizurrahmanemon,omondas,safaet129,towhidulalam"
172,11969664,"XG - 134","2024-04-19 11:19:17",0.51434,1,"mdjannatulnayem,mdzahidulislamasif,shazzedhossainshajal"
173,11970099,One-Last-Dance-565,"2024-04-20 00:53:58",0.51434,4,"debojitbasak02,mahfuzsadi,perpendicooler,shohan06"
174,11969440,"Devolved AI","2024-04-19 14:54:45",0.51434,1,"akashpaul2030,alamintokdershoukhin,alim001,golammostofas"
175,11974818,"The A Team","2024-04-19 17:56:04",0.51434,1,"dipansadekeen,mahmudsarwar"
176,11970243,"Limit Breakers","2024-04-19 20:06:32",0.51434,2,sayem955
177,11969635,toki64,"2024-04-20 12:41:19",0.51434,3,toki64
178,11976238,"Dreams in Binary - 263","2024-04-22 01:46:45",0.51434,7,"fabinahian,nasifajwad"
179,11974595,"Matrix Mavens","2024-04-20 13:58:45",0.51434,1,"aiashraful,ashrafulswe,shamimsiddiky"
180,11981556,CUET_SnakeCampers-87,"2024-04-20 17:18:27",0.51434,1,"anikshanto,ashrafulislamparan,sajid064,sajjadfc13,shohan2000"
181,11976393,Vengeance-21,"2024-04-22 03:01:08",0.51434,8,"naimatahsin023,ratul022"
182,11968391,"Data Pioneers-127","2024-04-21 05:19:02",0.51434,1,"alaminifty,robiulcseaub"
183,11989854,Error_404-804,"2024-04-21 06:21:24",0.51434,1,ashaduzzamanpiash
184,11975733,"Axios Data-36","2024-04-21 17:07:18",0.51434,2,mohammadtahmidzoayed
185,11975103,The_Loser_1.0,"2024-04-21 18:11:55",0.51434,2,"asifuzzamanasif,hoverstrange,mehedihasannirob"
186,11969353,"Md Saiful Islam","2024-04-21 19:12:51",0.51434,1,mdsaifulislam12345
187,11970295,Dunning_Kruger_Squad,"2024-04-21 20:23:58",0.51434,3,"ahmmadnurswapnil,chottosid,hasnaenadil,jarintasneem,shadmantabib"
188,11969401,"Data Starfighter - 285","2024-04-20 17:42:18",0.51431,1,"bilashalder,mehrariqbal,ranamahmud,tajbiulnomanrafi"
189,11974905,"The Data Wranglers-651","2024-04-20 15:10:53",0.51305,1,prasenjit9619
190,11968770,"Team GO-474","2024-04-21 06:23:53",0.51243,6,"shetu369,upamaroychowdhury"
191,11971480,"Team SoftMax-636","2024-04-21 09:28:33",0.51220,8,"faisal4hmed,hazratali08,mdjubaerrahman"
192,11968693,"Convergence_At_Infinity - 637","2024-04-18 19:04:21",0.51141,1,"azwadhossainzarif,nashminnawar"
193,11974033,Vanguard-33,"2024-04-21 16:39:01",0.50811,3,"nafizsiddiquiadnan,sajidmahir,tanjimrezabd"
194,11970656,Robotrons-666,"2024-04-21 12:52:01",0.50684,1,"gobindachandrasarker,muhaiminulislam53,naqviviyank,taranga01"
195,11968768,Phoneix-717,"2024-04-21 12:31:25",0.50637,4,"ahmadakil,ashikur78690,bappirahman"
196,11969476,"Humayra Binte Monwar","2024-04-19 16:34:10",0.50541,1,"humayrabintemonwar,jaidchowdhury"
197,11972097,"Bracu DataPilots-66","2024-04-22 01:17:59",0.50405,7,"alviwaseq,amiya007,sadatsami"
198,11975415,"Samin Kazi","2024-04-18 17:36:00",0.50160,1,saminkazi
199,11970411,Algoromous,"2024-04-21 11:00:54",0.50153,8,"asifurrahman114,talemulislam"
200,11972148,"Da Vinci Decipher- 774","2024-04-18 21:22:06",0.49819,3,"asfinjannatshamsi,mdjunayedalam,sajiduzzamansajid80,tanzeemmaliat"
201,11982276,willCodeForFood-543,"2024-04-21 18:54:56",0.49672,1,"afsanareevu,alrafiabdullah,nazmulhnihal,sabbirmollah"
202,11969156,DataCube-456,"2024-04-22 03:53:00",0.49638,2,"rukonozzamanrukon,samratdev,shahriarhussain"
203,11969192,"Abnormal Distribution","2024-04-20 15:22:15",0.49120,1,"mahbubesobhanihimel,rakinaljubair"
204,11973711,"SQL TO NLP-307","2024-04-19 17:34:20",0.48889,1,mdfarhad
205,11970977,Susmoy,"2024-04-19 11:34:17",0.48691,1,"susmoyp,utsh0dey"
206,11975650,Data_tong-313,"2024-04-20 19:32:18",0.48582,1,"tanjimhussainsajin,vaskordebnath"
207,11975632,DataMind-584,"2024-04-21 20:58:36",0.48578,4,"akibiut,maheenmashrurhoque,mohaymenulanam,sadikyasin"
208,11968776,Telda,"2024-04-19 00:25:08",0.48565,4,"mahmudulhaqueshawon,nuruzzamankallol"
209,11968669,Synchronizer-730,"2024-04-18 07:37:57",0.48565,1,"aammustahid,parthibsaha154253,rhythmroy"
210,11970174,"Turning Turing-956","2024-04-19 16:51:42",0.48565,2,"jannatulmaowa1570,noyonchandrasaha,shahriarshb,yeiad07"
211,11969957,"House Atreides","2024-04-18 10:07:37",0.48565,1,"rafathasan,shadmanrohan"
212,11972417,"Unprocessable Entity-69","2024-04-18 14:16:06",0.48565,1,"animesh6096,gtfahad,isfatul08,silverblaze,smapurbo"
213,11969449,"Q-bit 308","2024-04-18 17:58:10",0.48565,1,"ishtiaqueahmed9,saimimkhan"
214,11973964,pandas-849,"2024-04-18 20:22:38",0.48565,2,kowshikdebnath
215,11969444,"Circle of Fifth - 97","2024-04-18 22:02:21",0.48565,1,"sayontokhan,tasnimislammanami"
216,11968413,"The Insightful-155","2024-04-19 06:04:56",0.48565,1,"abrarmohtasim,tasnimsumaiya"
217,11969035,Cencus-875,"2024-04-19 21:25:06",0.48565,2,ashikurrahaman123
218,11968932,"Neural Nuts-279","2024-04-19 10:38:07",0.48565,1,"mhasan502,musfiqdehan,nahidosen"
219,11968472,"Nikhil Bangla Python Somiti-5","2024-04-19 11:42:01",0.48565,2,"mahfujulislam007,niloyahsan"
220,11975999,HereForFun,"2024-04-19 12:42:20",0.48565,1,"nabilaislamkhan,rahinintesar50,safwansiddiquee"
221,11974880,LamBDa-557,"2024-04-19 16:20:25",0.48565,1,"novo2kxd,riazmahmood"
222,11968920,"Lumos Logicians-1052","2024-04-20 10:00:30",0.48565,3,"ivan4949,kowshikchy,maayeeshafarzana,nafisa18,sirajul116"
223,11969061,"Team Sentinel - 1098","2024-04-20 17:15:52",0.48565,2,"hozaifa10,sami026"
224,11969351,"syntax error-1069","2024-04-20 05:32:09",0.48565,2,"iamhameem,mdmanuaruzzaman,nabilahafrinshwati,tasfiqk"
225,11969148,"Alpha Wolfs-362","2024-04-20 12:11:13",0.48565,1,"mdjafrilalamshihab,pushanpaul,yakubsadlil"
226,11984780,"Invisible Ray-1085","2024-04-20 17:58:59",0.48565,1,"abuzahid,rijoanrabbi"
227,11974828,"albatross - 1030","2024-04-21 11:58:35",0.48565,2,"ifazahmedadan1802037,maidulhasan956,mohammedikraam,moinulhossain958"
228,11968680,DataTronix-915,"2024-04-20 23:51:32",0.48565,1,"fahimanayet,onicodex"
229,11970686,"Data Dreamers-473","2024-04-21 11:59:02",0.48565,1,"hozaifahamim,mdabdullahwahid"
230,11974550,K4,"2024-04-21 15:35:23",0.48565,1,"ajmainmahtab,anikatahsin8,sanji101"
231,11986023,Knights_of_RUET,"2024-04-21 15:50:45",0.48565,1,"ismailhossain20,khandkermoniruzzaman,naimurhassan,orionrigelb,ruknin"
232,11991479,"Systematic Squad-494","2024-04-21 17:08:01",0.48565,1,"nusratzahanmaliha,rokaiya18,shahriarayon28,shirinsultanaprithu"
233,11968698,"Akram Hossain","2024-04-21 17:48:03",0.48565,1,"akramml,kyumsiam,mahirtagwar,shuvroahmed01,tofaahammedmbstu"
234,11979009,"Md Faruk Alam","2024-04-21 20:47:33",0.48565,1,mdfarukalam
235,11972508,"DIU Mind Benders","2024-04-21 19:26:24",0.48555,1,"alayaalo,shahriarsultanramit,sheikhmohammadshaqib"
236,11969795,Joker-187,"2024-04-21 19:19:13",0.48527,6,"abmrafidhasan,abmragibhasan"
237,11969830,"EnSuRe SuCcesS","2024-04-21 22:41:58",0.46673,1,"asrhyme,fahimshekh,mdfahimashababir,mdmonowarhossainapon,nayeemchowdhury"
238,11969019,DataWiz619-526,"2024-04-19 11:27:16",0.45549,1,"istiaqfuad,shahriaranan"
239,11973734,Algophile,"2024-04-21 10:22:43",0.33676,2,"partha12,tz3r0n4r"
240,11971103,"Team Alfa-410","2024-04-21 19:19:05",0.30779,1,"arifasultanamily,rubasazeda,tarek123321"
